timeStamp,elapsed,label,responseCode,responseMessage,threadName,dataType,success,failureMessage,bytes,sentBytes,grpThreads,allThreads,URL,Latency,IdleTime,Connect
1722998777215,8,Card ,200,,Test-Get-All-Card 1-10,text,true,,365,120,10,10,http://localhost:8083/card,7,0,1
1722998777175,48,Card ,200,,Test-Get-All-Card 1-6,text,true,,365,120,10,10,http://localhost:8083/card,45,0,2
1722998777165,57,Card ,200,,Test-Get-All-Card 1-2,text,true,,365,120,10,10,http://localhost:8083/card,54,0,11
1722998777165,57,Card ,200,,Test-Get-All-Card 1-1,text,true,,365,120,10,10,http://localhost:8083/card,54,0,11
1722998777195,28,Card ,200,,Test-Get-All-Card 1-8,text,true,,365,120,10,10,http://localhost:8083/card,25,0,0
1722998777185,38,Card ,200,,Test-Get-All-Card 1-7,text,true,,365,120,10,10,http://localhost:8083/card,35,0,0
1722998777205,18,Card ,200,,Test-Get-All-Card 1-9,text,true,,365,120,10,10,http://localhost:8083/card,15,0,0
1722998777165,57,Card ,200,,Test-Get-All-Card 1-5,text,true,,365,120,10,10,http://localhost:8083/card,54,0,11
1722998777165,57,Card ,200,,Test-Get-All-Card 1-3,text,true,,365,120,10,10,http://localhost:8083/card,54,0,11
1722998777165,57,Card ,200,,Test-Get-All-Card 1-4,text,true,,365,120,10,10,http://localhost:8083/card,54,0,11
1722998777225,4,Card ,200,,Test-Get-All-Card 1-11,text,true,,365,120,1,1,http://localhost:8083/card,4,0,1
1722998777235,3,Card ,200,,Test-Get-All-Card 1-12,text,true,,365,120,1,1,http://localhost:8083/card,3,0,0
1722998777245,3,Card ,200,,Test-Get-All-Card 1-13,text,true,,365,120,1,1,http://localhost:8083/card,3,0,0
1722998777255,4,Card ,200,,Test-Get-All-Card 1-14,text,true,,365,120,1,1,http://localhost:8083/card,4,0,0
1722998777265,6,Card ,200,,Test-Get-All-Card 1-15,text,true,,365,120,1,1,http://localhost:8083/card,6,0,0
1722998777274,4,Card ,200,,Test-Get-All-Card 1-16,text,true,,365,120,1,1,http://localhost:8083/card,4,0,1
1722998777285,7,Card ,200,,Test-Get-All-Card 1-17,text,true,,365,120,1,1,http://localhost:8083/card,7,0,1
1722998777295,4,Card ,200,,Test-Get-All-Card 1-18,text,true,,365,120,1,1,http://localhost:8083/card,4,0,1
1722998777303,8,Card ,200,,Test-Get-All-Card 1-19,text,true,,365,120,1,1,http://localhost:8083/card,8,0,1
1722998777313,3,Card ,200,,Test-Get-All-Card 1-20,text,true,,365,120,1,1,http://localhost:8083/card,3,0,0
1722998777325,6,Card ,200,,Test-Get-All-Card 1-21,text,true,,365,120,1,1,http://localhost:8083/card,6,0,0
1722998777335,5,Card ,200,,Test-Get-All-Card 1-22,text,true,,365,120,1,1,http://localhost:8083/card,5,0,0
1722998777345,9,Card ,200,,Test-Get-All-Card 1-23,text,true,,365,120,1,1,http://localhost:8083/card,9,0,0
1722998777355,5,Card ,200,,Test-Get-All-Card 1-24,text,true,,365,120,1,1,http://localhost:8083/card,5,0,0
1722998777365,9,Card ,200,,Test-Get-All-Card 1-25,text,true,,365,120,1,1,http://localhost:8083/card,9,0,1
1722998777375,4,Card ,200,,Test-Get-All-Card 1-26,text,true,,365,120,1,1,http://localhost:8083/card,4,0,0
1722998777385,5,Card ,200,,Test-Get-All-Card 1-27,text,true,,365,120,1,1,http://localhost:8083/card,5,0,0
1722998777395,7,Card ,200,,Test-Get-All-Card 1-28,text,true,,365,120,1,1,http://localhost:8083/card,7,0,0
1722998777405,6,Card ,200,,Test-Get-All-Card 1-29,text,true,,365,120,1,1,http://localhost:8083/card,6,0,0
1722998777415,7,Card ,200,,Test-Get-All-Card 1-30,text,true,,365,120,2,2,http://localhost:8083/card,7,0,1
1722998777422,6,Card ,200,,Test-Get-All-Card 1-31,text,true,,365,120,1,1,http://localhost:8083/card,6,0,1
1722998777435,6,Card ,200,,Test-Get-All-Card 1-32,text,true,,365,120,1,1,http://localhost:8083/card,6,0,1
1722998777444,6,Card ,200,,Test-Get-All-Card 1-33,text,true,,365,120,1,1,http://localhost:8083/card,6,0,1
1722998777456,5,Card ,200,,Test-Get-All-Card 1-34,text,true,,365,120,1,1,http://localhost:8083/card,5,0,0
1722998777475,7,Card ,200,,Test-Get-All-Card 1-36,text,true,,365,120,2,2,http://localhost:8083/card,7,0,0
1722998777465,17,Card ,200,,Test-Get-All-Card 1-35,text,true,,365,120,2,2,http://localhost:8083/card,17,0,0
1722998777485,6,Card ,200,,Test-Get-All-Card 1-37,text,true,,365,120,1,1,http://localhost:8083/card,6,0,0
1722998777495,8,Card ,200,,Test-Get-All-Card 1-38,text,true,,365,120,1,1,http://localhost:8083/card,8,0,1
1722998777506,5,Card ,200,,Test-Get-All-Card 1-39,text,true,,365,120,1,1,http://localhost:8083/card,5,0,0
1722998777515,6,Card ,200,,Test-Get-All-Card 1-40,text,true,,365,120,2,2,http://localhost:8083/card,6,0,1
1722998777521,4,Card ,200,,Test-Get-All-Card 1-41,text,true,,365,120,1,1,http://localhost:8083/card,4,0,0
1722998777535,4,Card ,200,,Test-Get-All-Card 1-42,text,true,,365,120,1,1,http://localhost:8083/card,4,0,0
1722998777545,5,Card ,200,,Test-Get-All-Card 1-43,text,true,,365,120,1,1,http://localhost:8083/card,5,0,0
1722998777555,6,Card ,200,,Test-Get-All-Card 1-44,text,true,,365,120,1,1,http://localhost:8083/card,5,0,0
1722998777561,6,Card ,200,,Test-Get-All-Card 1-45,text,true,,365,120,1,1,http://localhost:8083/card,6,0,1
1722998777575,5,Card ,200,,Test-Get-All-Card 1-46,text,true,,365,120,1,1,http://localhost:8083/card,5,0,0
1722998777585,5,Card ,200,,Test-Get-All-Card 1-47,text,true,,365,120,1,1,http://localhost:8083/card,5,0,1
1722998777591,6,Card ,200,,Test-Get-All-Card 1-48,text,true,,365,120,1,1,http://localhost:8083/card,6,0,1
1722998777601,9,Card ,200,,Test-Get-All-Card 1-49,text,true,,365,120,1,1,http://localhost:8083/card,9,0,1
1722998777615,8,Card ,200,,Test-Get-All-Card 1-50,text,true,,365,120,2,2,http://localhost:8083/card,8,0,1
1722998777622,6,Card ,200,,Test-Get-All-Card 1-51,text,true,,365,120,1,1,http://localhost:8083/card,5,0,1
1722998777634,7,Card ,200,,Test-Get-All-Card 1-52,text,true,,365,120,1,1,http://localhost:8083/card,7,0,1
1722998777646,5,Card ,200,,Test-Get-All-Card 1-53,text,true,,365,120,1,1,http://localhost:8083/card,5,0,0
1722998777656,5,Card ,200,,Test-Get-All-Card 1-54,text,true,,365,120,1,1,http://localhost:8083/card,5,0,0
1722998777663,5,Card ,200,,Test-Get-All-Card 1-55,text,true,,365,120,1,1,http://localhost:8083/card,5,0,0
1722998777675,5,Card ,200,,Test-Get-All-Card 1-56,text,true,,365,120,1,1,http://localhost:8083/card,5,0,1
1722998777686,5,Card ,200,,Test-Get-All-Card 1-57,text,true,,365,120,1,1,http://localhost:8083/card,5,0,0
1722998777695,6,Card ,200,,Test-Get-All-Card 1-58,text,true,,365,120,1,1,http://localhost:8083/card,5,0,0
1722998777703,5,Card ,200,,Test-Get-All-Card 1-59,text,true,,365,120,1,1,http://localhost:8083/card,5,0,0
1722998777716,5,Card ,200,,Test-Get-All-Card 1-60,text,true,,365,120,1,1,http://localhost:8083/card,5,0,0
1722998777726,6,Card ,200,,Test-Get-All-Card 1-61,text,true,,365,120,1,1,http://localhost:8083/card,6,0,0
1722998777735,7,Card ,200,,Test-Get-All-Card 1-62,text,true,,365,120,1,1,http://localhost:8083/card,7,0,1
1722998777745,7,Card ,200,,Test-Get-All-Card 1-63,text,true,,365,120,2,2,http://localhost:8083/card,6,0,0
1722998777750,7,Card ,200,,Test-Get-All-Card 1-64,text,true,,365,120,1,1,http://localhost:8083/card,7,0,1
1722998777765,5,Card ,200,,Test-Get-All-Card 1-65,text,true,,365,120,1,1,http://localhost:8083/card,5,0,1
1722998777774,5,Card ,200,,Test-Get-All-Card 1-66,text,true,,365,120,1,1,http://localhost:8083/card,5,0,1
1722998777785,11,Card ,200,,Test-Get-All-Card 1-67,text,true,,365,120,2,2,http://localhost:8083/card,11,0,0
1722998777795,7,Card ,200,,Test-Get-All-Card 1-68,text,true,,365,120,1,1,http://localhost:8083/card,7,0,1
1722998777805,7,Card ,200,,Test-Get-All-Card 1-69,text,true,,365,120,1,1,http://localhost:8083/card,7,0,1
1722998777815,6,Card ,200,,Test-Get-All-Card 1-70,text,true,,365,120,1,1,http://localhost:8083/card,6,0,0
1722998777825,7,Card ,200,,Test-Get-All-Card 1-71,text,true,,365,120,1,1,http://localhost:8083/card,7,0,1
1722998777835,7,Card ,200,,Test-Get-All-Card 1-72,text,true,,365,120,1,1,http://localhost:8083/card,7,0,0
1722998777845,7,Card ,200,,Test-Get-All-Card 1-73,text,true,,365,120,1,1,http://localhost:8083/card,7,0,0
1722998777863,5,Card ,200,,Test-Get-All-Card 1-74,text,true,,365,120,2,2,http://localhost:8083/card,5,0,1
1722998777865,3,Card ,200,,Test-Get-All-Card 1-75,text,true,,365,120,1,1,http://localhost:8083/card,3,0,0
1722998777874,4,Card ,200,,Test-Get-All-Card 1-76,text,true,,365,120,1,1,http://localhost:8083/card,4,0,0
1722998777884,3,Card ,200,,Test-Get-All-Card 1-77,text,true,,365,120,1,1,http://localhost:8083/card,3,0,0
1722998777895,4,Card ,200,,Test-Get-All-Card 1-78,text,true,,365,120,1,1,http://localhost:8083/card,4,0,0
1722998777900,4,Card ,200,,Test-Get-All-Card 1-79,text,true,,365,120,1,1,http://localhost:8083/card,4,0,1
1722998777914,6,Card ,200,,Test-Get-All-Card 1-80,text,true,,365,120,1,1,http://localhost:8083/card,6,0,0
1722998777925,4,Card ,200,,Test-Get-All-Card 1-81,text,true,,365,120,1,1,http://localhost:8083/card,4,0,0
1722998777930,4,Card ,200,,Test-Get-All-Card 1-82,text,true,,365,120,1,1,http://localhost:8083/card,4,0,1
1722998777945,8,Card ,200,,Test-Get-All-Card 1-83,text,true,,365,120,1,1,http://localhost:8083/card,8,0,0
1722998777955,6,Card ,200,,Test-Get-All-Card 1-84,text,true,,365,120,1,1,http://localhost:8083/card,6,0,0
1722998777965,6,Card ,200,,Test-Get-All-Card 1-85,text,true,,365,120,1,1,http://localhost:8083/card,6,0,1
1722998777974,7,Card ,200,,Test-Get-All-Card 1-86,text,true,,365,120,1,1,http://localhost:8083/card,7,0,0
1722998777985,7,Card ,200,,Test-Get-All-Card 1-87,text,true,,365,120,1,1,http://localhost:8083/card,7,0,0
1722998777995,7,Card ,200,,Test-Get-All-Card 1-88,text,true,,365,120,1,1,http://localhost:8083/card,7,0,0
1722998778005,6,Card ,200,,Test-Get-All-Card 1-89,text,true,,365,120,1,1,http://localhost:8083/card,6,0,0
1722998778015,7,Card ,200,,Test-Get-All-Card 1-90,text,true,,365,120,1,1,http://localhost:8083/card,7,0,0
1722998778025,6,Card ,200,,Test-Get-All-Card 1-91,text,true,,365,120,1,1,http://localhost:8083/card,6,0,0
1722998778035,6,Card ,200,,Test-Get-All-Card 1-92,text,true,,365,120,1,1,http://localhost:8083/card,6,0,0
1722998778045,6,Card ,200,,Test-Get-All-Card 1-93,text,true,,365,120,1,1,http://localhost:8083/card,6,0,1
1722998778055,5,Card ,200,,Test-Get-All-Card 1-94,text,true,,365,120,1,1,http://localhost:8083/card,5,0,1
1722998778066,4,Card ,200,,Test-Get-All-Card 1-95,text,true,,365,120,1,1,http://localhost:8083/card,4,0,0
1722998778075,5,Card ,200,,Test-Get-All-Card 1-96,text,true,,365,120,1,1,http://localhost:8083/card,5,0,0
1722998778083,5,Card ,200,,Test-Get-All-Card 1-97,text,true,,365,120,1,1,http://localhost:8083/card,5,0,1
1722998778095,5,Card ,200,,Test-Get-All-Card 1-98,text,true,,365,120,1,1,http://localhost:8083/card,4,0,0
1722998778105,5,Card ,200,,Test-Get-All-Card 1-99,text,true,,365,120,1,1,http://localhost:8083/card,5,0,0
1722998778115,5,Card ,200,,Test-Get-All-Card 1-100,text,true,,365,120,1,1,http://localhost:8083/card,5,0,1
